Profile,Behavior_Area_1,Behavior_Area_2,Behavior_Area_3,Behavior_Area_4,Strength,Weakness,Stress_Trigger,Breaking_point
Strategic Integrator,Expressive,Exploratory,Structured,Harmonizing,"Translates ambitious direction into shared structure others can execute.","Over-integration risk; excessive synthesis and stakeholder harmony can slow decisive tradeoffs.","Competing stakeholder priorities","Decision velocity (alignment continues past usefulness)"
Structured Clarity Driver,Expressive,Exploratory,Structured,Direct,"Forces clarity early and turns fuzzy ideas into sharp priorities and standards.","May prematurely close exploration and create resistance if others feel bulldozed.","Ambiguity and slow consensus","Interpersonal smoothness (communication becomes blunt)"
Adaptive Catalyst,Expressive,Exploratory,Fluid,Harmonizing,"Generates momentum through experimentation and social energy.","Follow-through can weaken when novelty fades without external structure.","Rigid plans and gatekeeping","Execution consistency (many starts, uneven finishes)"
Rapid Experimenter,Expressive,Exploratory,Fluid,Direct,"Challenges assumptions quickly and converts uncertainty into data through action.","Can create churn if direction changes too frequently.","Slow decision cycles","Context continuity (frequent pivots disrupt shared direction)"
Momentum Builder,Expressive,Pragmatic,Structured,Harmonizing,"Builds sustainable cadence through clear plans and human buy-in.","May prioritize feasibility over bold upside.","Resource constraints and morale dips","Ambition (scope narrows to maintain stability)"
Operational Commander,Expressive,Pragmatic,Structured,Direct,"Executes effectively under constraints; prioritizes, assigns, and enforces standards.","Relationship debt accumulates if pressure becomes constant critique.","Missed commitments","Patience (tolerance for variance collapses)"
Adaptive Stabilizer,Expressive,Pragmatic,Fluid,Harmonizing,"Maintains progress when conditions shift through flexible coordination.","Absorbs too much responsibility and becomes an informal buffer.","Last-minute changes and interpersonal conflict","Boundary clarity (over-commitment reduces consistency)"
Crisis Navigator,Expressive,Pragmatic,Fluid,Direct,"Cuts through noise during chaos with strong triage and improvisation.","Long-term systems may be neglected; urgency becomes the default mode.","Bureaucracy and slow escalation paths","Long-horizon planning (defaults to firefighting)"
Purpose-Led Planner,Reserved,Exploratory,Structured,Harmonizing,"Maintains long-term direction through disciplined planning tied to values.","Initiation friction; preparation can delay execution.","Noisy inputs and constant context switching","Start energy (stalling at launch)"
Analytical Architect,Reserved,Exploratory,Structured,Direct,"Builds rigorous systems and frameworks that withstand scrutiny.","Under-communication can create misunderstanding.","Sloppy reasoning or vague definitions","Collaboration flow (withdraws rather than translating ideas)"
Reflective Synthesizer,Reserved,Exploratory,Fluid,Harmonizing,"Connects disparate ideas into coherent insight without seeking attention.","Structure avoidance may prevent insights from becoming outcomes.","Tight deadlines and forced specificity","Deliverable packaging (refining replaces shipping)"
Independent Pathfinder,Reserved,Exploratory,Fluid,Direct,"Explores difficult problems autonomously with high learning velocity.","Independence may create coordination costs for teams.","Micromanagement","Team predictability (disappears into solo iteration)"
Steady Alignment Builder,Reserved,Pragmatic,Structured,Harmonizing,"Builds trust through reliability, consistency, and steady relationships.","Avoids hard conversations too long to preserve harmony.","Interpersonal tension","Truth-telling (issues get smoothed over until they erupt)"
Quality Sentinel,Reserved,Pragmatic,Structured,Direct,"Protects standards and identifies risks before failure occurs.","Excess scrutiny can slow progress.","Unclear ownership and sloppy execution","Speed (momentum sacrificed for certainty)"
Supportive Adapter,Reserved,Pragmatic,Fluid,Harmonizing,"Maintains stability through calm responsiveness and quiet problem solving.","Becomes invisible if priorities are not self-defined.","Unclear expectations","Self-prioritization (work fragments across others' needs)"
Pragmatic Realist,Reserved,Pragmatic,Fluid,Direct,"Identifies what will work now and communicates it plainly.","May neglect inspiration and relationship repair.","Emotionally driven decisions","Influence (truth delivered without adoption)"
